Question,Answer
What is AI?,AI enables machines to perform tasks that normally require human intelligence.
What is Machine Learning?,Machine Learning is a branch of AI that learns patterns from data.
What is Deep Learning?,Deep Learning uses neural networks to solve complex problems.
What is NLP?,NLP helps computers understand and process human language.
What is Computer Vision?,Computer Vision helps computers analyze images and videos.
What is Generative AI?,Generative AI creates new content such as text images and code.
What programming language is best for AI?,Python is the most popular programming language for AI.
How can I start learning AI?,Start with Python basics and practice AI projects regularly.
What are chatbots?,Chatbots are AI programs that communicate with users.
What is the difference between AI and Machine Learning?,Machine Learning is a subset of the broader field of AI.
What skills are required for AI?,Programming mathematics and problem-solving are important AI skills.
What is a neural network?,A neural network is a model inspired by the human brain.